ID,COMUNE
A001,ABANO TERME
A004,ABBADIA CERRETO
A005,ABBADIA LARIANA
A006,ABBADIA SAN SALVATORE
A007,ABBASANTA
A008,ABBATEGGIO
A010,ABBIATEGRASSO
A012,ABETONE
M376,ABETONE CUTIGLIANO
A013,ABRIOLA
A014,ACATE
A015,ACCADIA
A016,ACCEGLIO
A017,ACCETTURA
A018,ACCIANO
A019,ACCUMOLI
A020,ACERENZA
A023,ACERNO
A024,ACERRA
A025,ACI BONACCORSI
A026,ACI CASTELLO
A027,ACI CATENA
A029,ACI SANT'ANTONIO
A028,ACIREALE
A031,ACQUACANINA
A032,ACQUAFONDATA
A033,ACQUAFORMOSA
A034,ACQUAFREDDA
A035,ACQUALAGNA
A039,ACQUANEGRA CREMONESE
A038,ACQUANEGRA SUL CHIESE
A040,ACQUAPENDENTE
A041,ACQUAPPESA
A042,ACQUARICA DEL CAPO
A043,ACQUARO
A044,ACQUASANTA TERME
A045,ACQUASPARTA
A050,ACQUAVIVA COLLECROCE
A048,ACQUAVIVA DELLE FONTI
A051,ACQUAVIVA D'ISERNIA
A047,ACQUAVIVA PICENA
A049,ACQUAVIVA PLATANI
M211,ACQUEDOLCI
A052,ACQUI TERME
A053,ACRI
A054,ACUTO
A055,ADELFIA
A056,ADRANO
A057,ADRARA SAN MARTINO
A058,ADRARA SAN ROCCO
A059,ADRIA
A060,ADRO
A061,AFFI
A062,AFFILE
A064,AFRAGOLA
A065,AFRICO
A067,AGAZZANO
A068,AGEROLA
A069,AGGIUS
A070,AGIRA
A071,AGLIANA
A072,AGLIANO TERME
A074,AGLIE'
H848,AGLIENTU
A075,AGNA
A076,AGNADELLO
A077,AGNANA CALABRA
A080,AGNONE
A082,AGNOSINE
A083,AGORDO
A084,AGOSTA
A085,AGRA
A087,AGRATE BRIANZA
A088,AGRATE CONTURBIA
A089,AGRIGENTO
A091,AGROPOLI
A092,AGUGLIANO
A093,AGUGLIARO
A096,AICURZIO
A097,AIDOMAGGIORE
A098,AIDONE
A100,AIELLI
A102,AIELLO CALABRO
A103,AIELLO DEL FRIULI
A101,AIELLO DEL SABATO
A105,AIETA
A106,AILANO
A107,AILOCHE
A109,AIRASCA
A110,AIROLA
A111,AIROLE
A112,AIRUNO
A113,AISONE
A116,ALA
A115,ALA' DEI SARDI
A117,ALA DI STURA
A118,ALAGNA
A119,ALAGNA VALSESIA
A120,ALANNO
A121,ALANO DI PIAVE
A122,ALASSIO
A123,ALATRI
A124,ALBA
A125,ALBA ADRIATICA
A126,ALBAGIARA
A127,ALBAIRATE
A128,ALBANELLA
A131,ALBANO DI LUCANIA
A132,ALBANO LAZIALE
A129,ALBANO SANT'ALESSANDRO
A130,ALBANO VERCELLESE
A134,ALBAREDO ARNABOLDI
A137,ALBAREDO D'ADIGE
A135,ALBAREDO PER SAN MARCO
A138,ALBARETO
A139,ALBARETTO DELLA TORRE
A143,ALBAVILLA
A145,ALBENGA
A146,ALBERA LIGURE
A149,ALBEROBELLO
A150,ALBERONA
A153,ALBESE CON CASSANO
A154,ALBETTONE
A155,ALBI
A158,ALBIANO
A157,ALBIANO D'IVREA
A159,ALBIATE
A160,ALBIDONA
A161,ALBIGNASEGO
A162,ALBINEA
A163,ALBINO
A164,ALBIOLO
A166,ALBISOLA SUPERIORE
A165,ALBISSOLA MARINA
A167,ALBIZZATE
A171,ALBONESE
A172,ALBOSAGGIA
A173,ALBUGNANO
A175,ALBUZZANO
A176,ALCAMO
A177,ALCARA LI FUSI
A178,ALDENO
A179,ALDINO .ALDEIN.
A180,ALES
A182,ALESSANDRIA
A183,ALESSANDRIA DEL CARRETTO
A181,ALESSANDRIA DELLA ROCCA
A184,ALESSANO
A185,ALEZIO
A186,ALFANO
A187,ALFEDENA
A188,ALFIANELLO
A189,ALFIANO NATTA
A191,ALFONSINE
A192,ALGHERO
A193,ALGUA
A194,ALI'
A201,ALI' TERME
A195,ALIA
A196,ALIANO
A197,ALICE BEL COLLE
A198,ALICE CASTELLO
A199,ALICE SUPERIORE
A200,ALIFE
A202,ALIMENA
A203,ALIMINUSA
A204,ALLAI
A206,ALLEGHE
A205,ALLEIN
A207,ALLERONA
A208,ALLISTE
A210,ALLUMIERE
A211,ALLUVIONI CAMBIO'
M397,ALLUVIONI PIOVERA
A214,ALME'
A216,ALMENNO SAN BARTOLOMEO
A217,ALMENNO SAN SALVATORE
A218,ALMESE
A220,ALONTE
M375,ALPAGO
A221,ALPETTE
A222,ALPIGNANO
A223,ALSENO
A224,ALSERIO
M386,ALTA VAL TIDONE
M383,ALTA VALLE INTELVI
A225,ALTAMURA
A226,ALTARE
M349,ALTAVALLE
A228,ALTAVILLA IRPINA
A229,ALTAVILLA MILICIA
A227,ALTAVILLA MONFERRATO
A230,ALTAVILLA SILENTINA
A231,ALTAVILLA VICENTINA
A233,ALTIDONA
A234,ALTILIA
A235,ALTINO
A236,ALTISSIMO
A237,ALTIVOLE
A238,ALTO
M369,ALTO RENO TERME
M389,ALTO SERMENZA
A239,ALTOFONTE
A240,ALTOMONTE
A241,ALTOPASCIO
M350,ALTOPIANO DELLA VIGOLANA
A242,ALVIANO
A243,ALVIGNANO
A244,ALVITO
A246,ALZANO LOMBARDO
A245,ALZANO SCRIVIA
A249,ALZATE BRIANZA
A251,AMALFI
A252,AMANDOLA
A253,AMANTEA
A254,AMARO
A255,AMARONI
A256,AMASENO
A257,AMATO
A258,AMATRICE
A259,AMBIVERE
A260,AMBLAR
M351,AMBLAR-DON
A261,AMEGLIA
A262,AMELIA
A263,AMENDOLARA
A264,AMENO
A265,AMOROSI
A267,AMPEZZO
A268,ANACAPRI
A269,ANAGNI
A270,ANCARANO
A271,ANCONA
A272,ANDALI
A274,ANDALO
A273,ANDALO VALTELLINO
A275,ANDEZENO
A278,ANDORA
A280,ANDORNO MICCA
A281,ANDRANO
A282,ANDRATE
A283,ANDREIS
A284,ANDRETTA
A285,ANDRIA
A286,ANDRIANO .ANDRIAN.
A287,ANELA
A288,ANFO
A290,ANGERA
A291,ANGHIARI
A292,ANGIARI
A293,ANGOLO TERME
A294,ANGRI
A295,ANGROGNA
A297,ANGUILLARA SABAZIA
A296,ANGUILLARA VENETA
A299,ANNICCO
A301,ANNONE DI BRIANZA
A302,ANNONE VENETO
A303,ANOIA
A304,ANTEGNATE
A306,ANTERIVO .ALTREI.
A305,ANTEY-SAINT-ANDRE'
A309,ANTICOLI CORRADO
A312,ANTIGNANO
A313,ANTILLO
A314,ANTONIMINA
A315,ANTRODOCO
A317,ANTRONA SCHIERANCO
A318,ANVERSA DEGLI ABRUZZI
A319,ANZANO DEL PARCO
A320,ANZANO DI PUGLIA
A321,ANZI
A323,ANZIO
A324,ANZOLA DELL'EMILIA
A325,ANZOLA D'OSSOLA
A326,AOSTA
A327,APECCHIO
A328,APICE
A329,APIRO
A330,APOLLOSA
A333,APPIANO GENTILE
A332,APPIANO SULLA STRADA DEL VINO .EPPAN AN DER.
A334,APPIGNANO
A335,APPIGNANO DEL TRONTO
A337,APRICA
A338,APRICALE
A339,APRICENA
A340,APRIGLIANO
A341,APRILIA
A343,AQUARA
A344,AQUILA D'ARROSCIA
A346,AQUILEIA
A347,AQUILONIA
A348,AQUINO
A350,ARADEO
A351,ARAGONA
A352,ARAMENGO
A354,ARBA
A357,ARBOREA
A358,ARBORIO
A359,ARBUS
A360,ARCADE
A363,ARCE
A365,ARCENE
A366,ARCEVIA
A367,ARCHI
A369,ARCIDOSSO
A370,ARCINAZZO ROMANO
A371,ARCISATE
A372,ARCO
A373,ARCOLA
A374,ARCOLE
A375,ARCONATE
A376,ARCORE
A377,ARCUGNANO
A379,ARDARA
A380,ARDAULI
M213,ARDEA
A382,ARDENNO
A383,ARDESIO
A385,ARDORE
A386,ARENA
A387,ARENA PO
A388,ARENZANO
A389,ARESE
A390,AREZZO
A391,ARGEGNO
A392,ARGELATO
A393,ARGENTA
A394,ARGENTERA
A396,ARGUELLO
A397,ARGUSTO
A398,ARI
A399,ARIANO IRPINO
A400,ARIANO NEL POLESINE
A401,ARICCIA
A402,ARIELLI
A403,ARIENZO
A405,ARIGNANO
A407,ARITZO
A409,ARIZZANO
A412,ARLENA DI CASTRO
A413,ARLUNO
A414,ARMENO
A415,ARMENTO
A418,ARMO
A419,ARMUNGIA
A424,ARNAD
A421,ARNARA
A422,ARNASCO
A425,ARNESANO
A427,AROLA
A429,ARONA
A430,AROSIO
A431,ARPAIA
A432,ARPAISE
A433,ARPINO
A434,ARQUA' PETRARCA
A435,ARQUA' POLESINE
A437,ARQUATA DEL TRONTO
A436,ARQUATA SCRIVIA
A438,ARRE
A439,ARRONE
A441,ARSAGO SEPRIO
A443,ARSIE'
A444,ARSIERO
A445,ARSITA
A446,ARSOLI
A447,ARTA TERME
A448,ARTEGNA
A449,ARTENA
A451,ARTOGNE
A452,ARVIER
A453,ARZACHENA
A440,ARZAGO D'ADDA
A454,ARZANA
A455,ARZANO
A456,ARZENE
A458,ARZERGRANDE
A459,ARZIGNANO
A460,ASCEA
A461,ASCIANO
A462,ASCOLI PICENO
A463,ASCOLI SATRIANO
A464,ASCREA
A465,ASIAGO
A467,ASIGLIANO VENETO
A466,ASIGLIANO VERCELLESE
A470,ASOLA
A471,ASOLO
A473,ASSAGO
A474,ASSEMINI
A475,ASSISI
A476,ASSO
A477,ASSOLO
A478,ASSORO
A479,ASTI
A480,ASUNI
A481,ATELETA
A482,ATELLA
A484,ATENA LUCANA
A485,ATESSA
A486,ATINA
A487,ATRANI
A488,ATRI
A489,ATRIPALDA
A490,ATTIGLIANO
A491,ATTIMIS
A492,ATZARA
A493,AUDITORE
A494,AUGUSTA
A495,AULETTA
A496,AULLA
A497,AURANO
A499,AURIGO
A501,AURONZO DI CADORE
A502,AUSONIA
A503,AUSTIS
A506,AVEGNO
A507,AVELENGO .HAFLING.
A508,AVELLA
A509,AVELLINO
A511,AVERARA
A512,AVERSA
A514,AVETRANA
A515,AVEZZANO
A516,AVIANO
A517,AVIATICO
A518,AVIGLIANA
A519,AVIGLIANO
M258,AVIGLIANO UMBRO
A520,AVIO
A521,AVISE
A522,AVOLA
A523,AVOLASCA
A094,AYAS
A108,AYMAVILLES
A525,AZEGLIO
A526,AZZANELLO
A527,AZZANO D'ASTI
A530,AZZANO DECIMO
A529,AZZANO MELLA
A528,AZZANO SAN PAOLO
A531,AZZATE
A532,AZZIO
A533,AZZONE
A534,BACENO
A535,BACOLI
A536,BADALUCCO
M214,BADESI
A537,BADIA .ABTEI.
A540,BADIA CALAVENA
A538,BADIA PAVESE
A539,BADIA POLESINE
A541,BADIA TEDALDA
A542,BADOLATO
A544,BAGALADI
A546,BAGHERIA
A547,BAGNACAVALLO
A552,BAGNARA CALABRA
A551,BAGNARA DI ROMAGNA
A550,BAGNARIA
A553,BAGNARIA ARSA
A555,BAGNASCO
A557,BAGNATICA
A560,BAGNI DI LUCCA
A564,BAGNO A RIPOLI
A565,BAGNO DI ROMAGNA
A567,BAGNOLI DEL TRIGNO
A568,BAGNOLI DI SOPRA
A566,BAGNOLI IRPINO
A570,BAGNOLO CREMASCO
A572,BAGNOLO DEL SALENTO
A574,BAGNOLO DI PO
A573,BAGNOLO IN PIANO
A569,BAGNOLO MELLA
A571,BAGNOLO PIEMONTE
A575,BAGNOLO SAN VITO
A576,BAGNONE
A577,BAGNOREGIO
A578,BAGOLINO
A579,BAIA E LATINA
A580,BAIANO
A581,BAIARDO
A584,BAIRO
A586,BAISO
A587,BALANGERO
A588,BALDICHIERI D'ASTI
A590,BALDISSERO CANAVESE
A589,BALDISSERO D'ALBA
A591,BALDISSERO TORINESE
A592,BALESTRATE
A593,BALESTRINO
A594,BALLABIO
A597,BALLAO
A599,BALME
A600,BALMUCCIA
A601,BALOCCO
A603,BALSORANO
A604,BALVANO
A605,BALZOLA
A606,BANARI
A607,BANCHETTE
A610,BANNIO ANZINO
A612,BANZI
A613,BAONE
A614,BARADILI
A615,BARAGIANO
A616,BARANELLO
A617,BARANO D'ISCHIA
A618,BARANZATE
A619,BARASSO
A621,BARATILI SAN PIETRO
A625,BARBANIA
A626,BARBARA
M401,BARBARANO MOSSANO
A628,BARBARANO ROMANO
A627,BARBARANO VICENTINO
A629,BARBARESCO
A630,BARBARIGA
A631,BARBATA
A632,BARBERINO DI MUGELLO
M408,BARBERINO TAVARNELLE
A633,BARBERINO VAL D'ELSA
A634,BARBIANELLO
A635,BARBIANO .BARBIAN.
A637,BARBONA
A638,BARCELLONA POZZO DI GOTTO
A639,BARCHI
A640,BARCIS
A643,BARD
A645,BARDELLO
A646,BARDI
A647,BARDINETO
A650,BARDOLINO
A651,BARDONECCHIA
A652,BAREGGIO
A653,BARENGO
A655,BARESSA
A656,BARETE
A657,BARGA
A658,BARGAGLI
A660,BARGE
A661,BARGHE
A662,BARI
A663,BARI SARDO
A664,BARIANO
A665,BARICELLA
A666,BARILE
A667,BARISCIANO
A668,BARLASSINA
A669,BARLETTA
A670,BARNI
A671,BAROLO
A673,BARONE CANAVESE
A674,BARONISSI
A676,BARRAFRANCA
A677,BARRALI
A678,BARREA
A681,BARUMINI
A683,BARZAGO
A684,BARZANA
A686,BARZANO'
A687,BARZIO
A689,BASALUZZO
A690,BASCAPE'
A691,BASCHI
A692,BASCIANO
A694,BASELGA DI PINE'
A696,BASELICE
A697,BASIANO
A698,BASICO'
A699,BASIGLIO
A700,BASILIANO
A702,BASSANO BRESCIANO
A703,BASSANO DEL GRAPPA
A706,BASSANO IN TEVERINA
A704,BASSANO ROMANO
A707,BASSIANO
A708,BASSIGNANA
A709,BASTIA MONDOVI'
A710,BASTIA UMBRA
A711,BASTIDA DE' DOSSI
A712,BASTIDA PANCARANA
A713,BASTIGLIA
A714,BATTAGLIA TERME
A716,BATTIFOLLO
A717,BATTIPAGLIA
A718,BATTUDA
A719,BAUCINA
A721,BAULADU
A722,BAUNEI
A725,BAVENO
A726,BAZZANO
A728,BEDERO VALCUVIA
A729,BEDIZZOLE
A730,BEDOLLO
A731,BEDONIA
A732,BEDULITA
A733,BEE
A734,BEINASCO
A735,BEINETTE
A736,BELCASTRO
A737,BELFIORE
A740,BELFORTE ALL'ISAURO
A739,BELFORTE DEL CHIENTI
A738,BELFORTE MONFERRATO
A741,BELGIOIOSO
A742,BELGIRATE
A743,BELLA
A744,BELLAGIO
M335,BELLAGIO
A745,BELLANO
A746,BELLANTE
A747,BELLARIA-IGEA MARINA
A749,BELLEGRA
A750,BELLINO
A751,BELLINZAGO LOMBARDO
A752,BELLINZAGO NOVARESE
M294,BELLIZZI
A755,BELLONA
A756,BELLOSGUARDO
A757,BELLUNO
A759,BELLUSCO
A762,BELMONTE CALABRO
A763,BELMONTE CASTELLO
A761,BELMONTE DEL SANNIO
A765,BELMONTE IN SABINA
A764,BELMONTE MEZZAGNO
A760,BELMONTE PICENO
A766,BELPASSO
A768,BELSITO
A772,BELVEDERE DI SPINELLO
A774,BELVEDERE LANGHE
A773,BELVEDERE MARITTIMO
A769,BELVEDERE OSTRENSE
A770,BELVEGLIO
A776,BELVI'
A777,BEMA
A778,BENE LARIO
A779,BENE VAGIENNA
A780,BENESTARE
A781,BENETUTTI
A782,BENEVELLO
A783,BENEVENTO
A784,BENNA
A785,BENTIVOGLIO
A786,BERBENNO
A787,BERBENNO DI VALTELLINA
A788,BERCETO
A789,BERCHIDDA
A791,BEREGAZZO CON FIGLIARO
A792,BEREGUARDO
A793,BERGAMASCO
A794,BERGAMO
A795,BERGANTINO
A796,BERGEGGI
A798,BERGOLO
A799,BERLINGO
A801,BERNALDA
A802,BERNAREGGIO
A804,BERNATE TICINO
A805,BERNEZZO
A806,BERRA
A808,BERSONE
A809,BERTINORO
A810,BERTIOLO
A811,BERTONICO
A812,BERZANO DI SAN PIETRO
A813,BERZANO DI TORTONA
A816,BERZO DEMO
A817,BERZO INFERIORE
A815,BERZO SAN FERMO
A818,BESANA IN BRIANZA
A819,BESANO
A820,BESATE
A821,BESENELLO
A823,BESENZONE
A825,BESNATE
A826,BESOZZO
A827,BESSUDE
A831,BETTOLA
A832,BETTONA
A834,BEURA-CARDEZZA
A835,BEVAGNA
A836,BEVERINO
A837,BEVILACQUA
A839,BEZZECCA
A841,BIANCAVILLA
A842,BIANCHI
A843,BIANCO
A844,BIANDRATE
A845,BIANDRONNO
A846,BIANZANO
A847,BIANZE'
A848,BIANZONE
A849,BIASSONO
A850,BIBBIANO
A851,BIBBIENA
A852,BIBBONA
A853,BIBIANA
A854,BICCARI
A855,BICINICCO
A856,BIDONI'
A859,BIELLA
A861,BIENNO
A863,BIENO
A864,BIENTINA
A866,BIGARELLO
A870,BINAGO
A872,BINASCO
A874,BINETTO
A876,BIOGLIO
A877,BIONAZ
A878,BIONE
A880,BIRORI
A881,BISACCIA
A882,BISACQUINO
A883,BISCEGLIE
A884,BISEGNA
A885,BISENTI
A887,BISIGNANO
A889,BISTAGNO
A891,BISUSCHIO
A892,BITETTO
A893,BITONTO
A894,BITRITTO
A895,BITTI
A896,BIVONA
A897,BIVONGI
A898,BIZZARONE
A901,BLEGGIO INFERIORE
A902,BLEGGIO SUPERIORE
A903,BLELLO
A857,BLERA
A904,BLESSAGNO
A905,BLEVIO
M268,BLUFI
A906,BOARA PISANI
A909,BOBBIO
A910,BOBBIO PELLICE
A911,BOCA
A912,BOCCHIGLIERO
A914,BOCCIOLETO
A916,BOCENAGO
A918,BODIO LOMNAGO
A919,BOFFALORA D'ADDA
A920,BOFFALORA SOPRA TICINO
A922,BOGLIASCO
A925,BOGNANCO
A929,BOGOGNO
A931,BOISSANO
A930,BOJANO
A932,BOLANO
A933,BOLBENO
A937,BOLGARE
A940,BOLLATE
A941,BOLLENGO
A944,BOLOGNA
A945,BOLOGNANO
A946,BOLOGNETTA
A947,BOLOGNOLA
A948,BOLOTANA
A949,BOLSENA
A950,BOLTIERE
A952,BOLZANO .BOZEN.
A953,BOLZANO NOVARESE
A954,BOLZANO VICENTINO
A955,BOMARZO
A956,BOMBA
A957,BOMPENSIERE
A958,BOMPIETRO
A959,BOMPORTO
A960,BONARCADO
A961,BONASSOLA
A963,BONATE SOPRA
A962,BONATE SOTTO
A964,BONAVIGO
A965,BONDENO
A967,BONDO
A968,BONDONE
A970,BONEA
A971,BONEFRO
A972,BONEMERSE
A973,BONIFATI
A975,BONITO
A976,BONNANARO
A977,BONO
A978,BONORVA
A979,BONVICINO
A981,BORBONA
A982,BORCA DI CADORE
A983,BORDANO
A984,BORDIGHERA
A986,BORDOLANO
A987,BORE
A988,BORETTO
A989,BORGARELLO
A990,BORGARO TORINESE
A991,BORGETTO
A993,BORGHETTO D'ARROSCIA
A998,BORGHETTO DI BORBERA
A992,BORGHETTO DI VARA
A995,BORGHETTO LODIGIANO
A999,BORGHETTO SANTO SPIRITO
B001,BORGHI
B002,BORGIA
B003,BORGIALLO
B005,BORGIO VEREZZI
B007,BORGO A MOZZANO
M352,BORGO CHIESE
B009,BORGO D'ALE
M429,BORGO D'ANAUNIA
B010,BORGO DI TERZO
M353,BORGO LARES
M396,BORGO MANTOVANO
B026,BORGO PACE
B028,BORGO PRIOLO
B033,BORGO SAN DALMAZZO
B035,BORGO SAN GIACOMO
B017,BORGO SAN GIOVANNI
B036,BORGO SAN LORENZO
B037,BORGO SAN MARTINO
B038,BORGO SAN SIRO
B043,BORGO TICINO
B044,BORGO TOSSIGNANO
B042,BORGO VAL DI TARO
M421,BORGO VALBELLUNA
B006,BORGO VALSUGANA
A996,BORGO VELINO
M402,BORGO VENETO
B046,BORGO VERCELLI
M340,BORGO VIRGILIO
M406,BORGOCARBONARA
B011,BORGOFORTE
B015,BORGOFRANCO D'IVREA
B013,BORGOFRANCO SUL PO
B016,BORGOLAVEZZARO
B018,BORGOMALE
B019,BORGOMANERO
B020,BORGOMARO
B021,BORGOMASINO
M370,BORGOMEZZAVALLE
B024,BORGONE SUSA
B025,BORGONOVO VAL TIDONE
B029,BORGORATTO ALESSANDRINO
B030,BORGORATTO MORMOROLO
B031,BORGORICCO
B008,BORGOROSE
B040,BORGOSATOLLO
B041,BORGOSESIA
B048,BORMIDA
B049,BORMIO
B051,BORNASCO
B054,BORNO
B055,BORONEDDU
B056,BORORE
B057,BORRELLO
B058,BORRIANA
B061,BORSO DEL GRAPPA
B062,BORTIGALI
B063,BORTIGIADAS
B064,BORUTTA
B067,BORZONASCA
B068,BOSA
B069,BOSARO
B070,BOSCHI SANT'ANNA
B073,BOSCO CHIESANUOVA
B071,BOSCO MARENGO
B075,BOSCONERO
B076,BOSCOREALE
B077,BOSCOTRECASE
B078,BOSENTINO
B079,BOSIA
B080,BOSIO
B081,BOSISIO PARINI
B082,BOSNASCO
B083,BOSSICO
B084,BOSSOLASCO
B085,BOTRICELLO
B086,BOTRUGNO
B088,BOTTANUCO
B091,BOTTICINO
B094,BOTTIDDA
B097,BOVA
B099,BOVA MARINA
B098,BOVALINO
B100,BOVEGNO
B101,BOVES
B102,BOVEZZO
A720,BOVILLE ERNICA
B104,BOVINO
B105,BOVISIO-MASCIAGO
B106,BOVOLENTA
B107,BOVOLONE
B109,BOZZOLE
B110,BOZZOLO
B111,BRA
B112,BRACCA
B114,BRACCIANO
B115,BRACIGLIANO
B116,BRAIES .PRAGS.
B117,BRALLO DI PREGOLA
B118,BRANCALEONE
B120,BRANDICO
B121,BRANDIZZO
B123,BRANZI
B124,BRAONE
B126,BREBBIA
B128,BREDA DI PIAVE
B131,BREGANO
B132,BREGANZE
B134,BREGNANO
B135,BREGUZZO
B136,BREIA
B137,BREMBATE
B138,BREMBATE DI SOPRA
B140,BREMBILLA
B141,BREMBIO
B142,BREME
B143,BRENDOLA
B144,BRENNA
B145,BRENNERO .BRENNER.
B149,BRENO
B150,BRENTA
B152,BRENTINO BELLUNO
B153,BRENTONICO
B154,BRENZONE SUL GARDA
B156,BRESCELLO
B157,BRESCIA
B158,BRESIMO
B159,BRESSANA BOTTARONE
B160,BRESSANONE .BRIXEN.
B161,BRESSANVIDO
B162,BRESSO
B165,BREZ
B166,BREZZO DI BEDERO
B167,BRIAGLIA
B169,BRIATICO
B171,BRICHERASIO
B172,BRIENNO
B173,BRIENZA
B175,BRIGA ALTA
B176,BRIGA NOVARESE
B178,BRIGNANO GERA D'ADDA
B179,BRIGNANO-FRASCATA
B180,BRINDISI
B181,BRINDISI MONTAGNA
B182,BRINZIO
B183,BRIONA
B184,BRIONE
B185,BRIONE
B187,BRIOSCO
B188,BRISIGHELLA
B191,BRISSAGO-VALTRAVAGLIA
B192,BRISSOGNE
B193,BRITTOLI
B194,BRIVIO
B195,BROCCOSTELLA
B196,BROGLIANO
B197,BROGNATURO
B198,BROLO
B200,BRONDELLO
B201,BRONI
B202,BRONTE
B203,BRONZOLO .BRANZOLL.
B204,BROSSASCO
B205,BROSSO
B207,BROVELLO-CARPUGNINO
B209,BROZOLO
B212,BRUGHERIO
B213,BRUGINE
B214,BRUGNATO
B215,BRUGNERA
B216,BRUINO
B217,BRUMANO
B218,BRUNATE
B219,BRUNELLO
B220,BRUNICO .BRUNECK.
B221,BRUNO
B223,BRUSAPORTO
B225,BRUSASCO
B227,BRUSCIANO
B228,BRUSIMPIANO
B229,BRUSNENGO
B230,BRUSSON
B232,BRUZOLO
B234,BRUZZANO ZEFFIRIO
B235,BUBBIANO
B236,BUBBIO
B237,BUCCHERI
B238,BUCCHIANICO
B239,BUCCIANO
B240,BUCCINASCO
B242,BUCCINO
B243,BUCINE
B246,BUDDUSO'
B247,BUDOIA
B248,BUDONI
B249,BUDRIO
B250,BUGGERRU
B251,BUGGIANO
B255,BUGLIO IN MONTE
B256,BUGNARA
B258,BUGUGGIATE
B259,BUJA
B261,BULCIAGO
B262,BULGAROGRASSO
B264,BULTEI
B265,BULZI
B266,BUONABITACOLO
B267,BUONALBERGO
B269,BUONCONVENTO
B270,BUONVICINO
B272,BURAGO DI MOLGORA
B274,BURCEI
B275,BURGIO
B276,BURGOS
B278,BURIASCO
B279,BUROLO
B280,BURONZO
B281,BUSACHI
B282,BUSALLA
B283,BUSANA
B284,BUSANO
B285,BUSCA
B286,BUSCATE
B287,BUSCEMI
B288,BUSETO PALIZZOLO
B289,BUSNAGO
B292,BUSSERO
B293,BUSSETO
B294,BUSSI SUL TIRINO
B295,BUSSO
B296,BUSSOLENGO
B297,BUSSOLENO
B300,BUSTO ARSIZIO
B301,BUSTO GAROLFO
B302,BUTERA
B303,BUTI
B304,BUTTAPIETRA
B305,BUTTIGLIERA ALTA
B306,BUTTIGLIERA D'ASTI
B309,BUTTRIO
G207,PABILLONIS
G209,PACE DEL MELA
G208,PACECO
G210,PACENTRO
G211,PACHINO
G212,PACIANO
G213,PADENGHE SUL GARDA
G214,PADERGNONE
G215,PADERNA
G218,PADERNO D'ADDA
G221,PADERNO DEL GRAPPA
G220,PADERNO DUGNANO
G217,PADERNO FRANCIACORTA
G222,PADERNO PONCHIELLI
G224,PADOVA
G225,PADRIA
M301,PADRU
G226,PADULA
G227,PADULI
G228,PAESANA
G229,PAESE
G230,PAGANI
G232,PAGANICO SABINO
G233,PAGAZZANO
G234,PAGLIARA
G237,PAGLIETA
G238,PAGNACCO
G240,PAGNO
G241,PAGNONA
G242,PAGO DEL VALLO DI LAURO
G243,PAGO VEIANO
G247,PAISCO LOVENO
G248,PAITONE
G249,PALADINA
G250,PALAGANO
G251,PALAGIANELLO
G252,PALAGIANO
G253,PALAGONIA
G254,PALAIA
G255,PALANZANO
G257,PALATA
G258,PALAU
G259,PALAZZAGO
G263,PALAZZO ADRIANO
G262,PALAZZO CANAVESE
G260,PALAZZO PIGNANO
G261,PALAZZO SAN GERVASIO
G267,PALAZZOLO ACREIDE
G268,PALAZZOLO DELLO STELLA
G264,PALAZZOLO SULL'OGLIO
G266,PALAZZOLO VERCELLESE
G270,PALAZZUOLO SUL SENIO
G271,PALENA
G272,PALERMITI
G273,PALERMO
G274,PALESTRINA
G275,PALESTRO
G276,PALIANO
G277,PALIZZI
G278,PALLAGORIO
G280,PALLANZENO
G281,PALLARE
G283,PALMA CAMPANIA
G282,PALMA DI MONTECHIARO
G284,PALMANOVA
G285,PALMARIGGI
G286,PALMAS ARBOREA
G288,PALMI
G289,PALMIANO
G290,PALMOLI
G291,PALO DEL COLLE
G293,PALOMBARA SABINA
G294,PALOMBARO
G292,PALOMONTE
G295,PALOSCO
G297,PALU'
G296,PALU' DEL FERSINA
G298,PALUDI
G300,PALUZZA
G302,PAMPARATO
G303,PANCALIERI
G304,PANCARANA
G305,PANCHIA'
G306,PANDINO
G307,PANETTIERI
G308,PANICALE
G311,PANNARANO
G312,PANNI
G315,PANTELLERIA
G316,PANTIGLIATE
G317,PAOLA
G318,PAOLISI
G320,PAPASIDERO
G323,PAPOZZE
G324,PARABIAGO
G325,PARABITA
G327,PARATICO
G328,PARCINES .PARTSCHINS.
G329,PARE'
G330,PARELLA
G331,PARENTI
G333,PARETE
G334,PARETO
G335,PARGHELIA
G336,PARLASCO
G337,PARMA
G338,PARODI LIGURE
G339,PAROLDO
G340,PAROLISE
G342,PARONA
G344,PARRANO
G346,PARRE
G347,PARTANNA
G348,PARTINICO
G349,PARUZZARO
G350,PARZANICA
G352,PASIAN DI PRATO
G353,PASIANO DI PORDENONE
G354,PASPARDO
G358,PASSERANO MARMORITO
G359,PASSIGNANO SUL TRASIMENO
G361,PASSIRANO
G362,PASTENA
G364,PASTORANO
G365,PASTRENGO
G367,PASTURANA
G368,PASTURO
G371,PATERNO'
M269,PATERNO
G372,PATERNO CALABRO
G370,PATERNOPOLI
G374,PATRICA
G376,PATTADA
G377,PATTI
G378,PATU'
G379,PAU
G381,PAULARO
G382,PAULI ARBAREI
G384,PAULILATINO
G385,PAULLO
G386,PAUPISI
G387,PAVAROLO
G388,PAVIA
G389,PAVIA DI UDINE
G392,PAVONE CANAVESE
G391,PAVONE DEL MELLA
G393,PAVULLO NEL FRIGNANO
G394,PAZZANO
G395,PECCIOLI
G396,PECCO
G397,PECETTO DI VALENZA
G398,PECETTO TORINESE
G399,PECORARA
G400,PEDACE
G402,PEDARA
G403,PEDASO
G404,PEDAVENA
G406,PEDEMONTE
G408,PEDEROBBA
G410,PEDESINA
G411,PEDIVIGLIANO
G412,PEDRENGO
G415,PEGLIO
G416,PEGLIO
G417,PEGOGNAGA
G418,PEIA
G419,PEIO
G420,PELAGO
G421,PELLA
G424,PELLEGRINO PARMENSE
G426,PELLEZZANO
G427,PELLIO INTELVI
G428,PELLIZZANO
G429,PELUGO
G430,PENANGO
G432,PENNA IN TEVERINA
G436,PENNA SAN GIOVANNI
G437,PENNA SANT'ANDREA
G433,PENNABILLI
G434,PENNADOMO
G435,PENNAPIEDIMONTE
G438,PENNE
G439,PENTONE
G441,PERANO
G442,PERAROLO DI CADORE
G443,PERCA .PERCHA.
G444,PERCILE
G445,PERDASDEFOGU
G446,PERDAXIUS
G447,PERDIFUMO
G448,PEREGO
G449,PERETO
G450,PERFUGAS
G451,PERGINE VALDARNO
G452,PERGINE VALSUGANA
G453,PERGOLA
G454,PERINALDO
G455,PERITO
G456,PERLEDO
G457,PERLETTO
G458,PERLO
G459,PERLOZ
G461,PERNUMIA
C013,PERO
G463,PEROSA ARGENTINA
G462,PEROSA CANAVESE
G465,PERRERO
G469,PERSICO DOSIMO
G471,PERTENGO
G474,PERTICA ALTA
G475,PERTICA BASSA
G476,PERTOSA
G477,PERTUSIO
G478,PERUGIA
G479,PESARO
G480,PESCAGLIA
G481,PESCANTINA
G482,PESCARA
G483,PESCAROLO ED UNITI
G484,PESCASSEROLI
G485,PESCATE
G486,PESCHE
G487,PESCHICI
G488,PESCHIERA BORROMEO
G489,PESCHIERA DEL GARDA
G491,PESCIA
G492,PESCINA
G494,PESCO SANNITA
G493,PESCOCOSTANZO
G495,PESCOLANCIANO
G496,PESCOPAGANO
G497,PESCOPENNATARO
G498,PESCOROCCHIANO
G499,PESCOSANSONESCO
G500,PESCOSOLIDO
G502,PESSANO CON BORNAGO
G504,PESSINA CREMONESE
G505,PESSINETTO
G506,PETACCIATO
G508,PETILIA POLICASTRO
G509,PETINA
G510,PETRALIA SOPRANA
G511,PETRALIA SOTTANA
G513,PETRELLA SALTO
G512,PETRELLA TIFERNINA
G514,PETRIANO
G515,PETRIOLO
G516,PETRITOLI
G517,PETRIZZI
G518,PETRONA'
M281,PETROSINO
G519,PETRURO IRPINO
G520,PETTENASCO
G521,PETTINENGO
G522,PETTINEO
G523,PETTORANELLO DEL MOLISE
G524,PETTORANO SUL GIZIO
G525,PETTORAZZA GRIMANI
G526,PEVERAGNO
G528,PEZZANA
G529,PEZZAZE
G532,PEZZOLO VALLE UZZONE
G535,PIACENZA
G534,PIACENZA D'ADIGE
G536,PIADENA
M418,PIADENA DRIZZONA
G537,PIAGGE
G538,PIAGGINE
G546,PIAN CAMUNO
G552,PIAN DI SCO
G542,PIANA CRIXIA
G543,PIANA DEGLI ALBANESI
G541,PIANA DI MONTE VERNA
G547,PIANCASTAGNAIO
G549,PIANCOGNO
G551,PIANDIMELETO
G553,PIANE CRATI
G555,PIANELLA
G556,PIANELLO DEL LARIO
G557,PIANELLO VAL TIDONE
G558,PIANENGO
G559,PIANEZZA
G560,PIANEZZE
G561,PIANFEI
G564,PIANICO
G565,PIANIGA
G568,PIANO DI SORRENTO
D546,PIANOPOLI
G570,PIANORO
G571,PIANSANO
G572,PIANTEDO
G574,PIARIO
G575,PIASCO
G576,PIATEDA
G577,PIATTO
G582,PIAZZA AL SERCHIO
G580,PIAZZA ARMERINA
G579,PIAZZA BREMBANA
G583,PIAZZATORRE
G587,PIAZZOLA SUL BRENTA
G588,PIAZZOLO
G589,PICCIANO
G590,PICERNO
G591,PICINISCO
G592,PICO
G593,PIEA
G594,PIEDICAVALLO
G597,PIEDIMONTE ETNEO
G596,PIEDIMONTE MATESE
G598,PIEDIMONTE SAN GERMANO
G600,PIEDIMULERA
G601,PIEGARO
G602,PIENZA
G603,PIERANICA
G612,PIETRA DE' GIORGI
G605,PIETRA LIGURE
G619,PIETRA MARAZZI
G606,PIETRABBONDANTE
G607,PIETRABRUNA
G608,PIETRACAMELA
G609,PIETRACATELLA
G610,PIETRACUPA
G611,PIETRADEFUSI
G613,PIETRAFERRAZZANA
G615,PIETRAFITTA
G616,PIETRAGALLA
G618,PIETRALUNGA
G620,PIETRAMELARA
G604,PIETRAMONTECORVINO
G621,PIETRANICO
G622,PIETRAPAOLA
G623,PIETRAPERTOSA
G624,PIETRAPERZIA
G625,PIETRAPORZIO
G626,PIETRAROJA
G627,PIETRARUBBIA
G628,PIETRASANTA
G629,PIETRASTORNINA
G630,PIETRAVAIRANO
G631,PIETRELCINA
G636,PIEVE A NIEVOLE
G635,PIEVE ALBIGNOLA
G638,PIEVE D'ALPAGO
G639,PIEVE DEL CAIRO
M422,PIEVE DEL GRAPPA
G641,PIEVE DI BONO
M365,PIEVE DI BONO-PREZZO
G642,PIEVE DI CADORE
G643,PIEVE DI CENTO
G633,PIEVE DI CORIANO
G644,PIEVE DI LEDRO
G645,PIEVE DI SOLIGO
G632,PIEVE DI TECO
G647,PIEVE D'OLMI
G634,PIEVE EMANUELE
G096,PIEVE FISSIRAGA
G648,PIEVE FOSCIANA
G646,PIEVE LIGURE
G650,PIEVE PORTO MORONE
G651,PIEVE SAN GIACOMO
G653,PIEVE SANTO STEFANO
G656,PIEVE TESINO
G657,PIEVE TORINA
G658,PIEVE VERGONTE
G637,PIEVEBOVIGLIANA
G649,PIEVEPELAGO
G659,PIGLIO
G660,PIGNA
G662,PIGNATARO INTERAMNA
G661,PIGNATARO MAGGIORE
G663,PIGNOLA
G664,PIGNONE
G665,PIGRA
G666,PILA
G669,PIMENTEL
G670,PIMONTE
G671,PINAROLO PO
G672,PINASCA
G673,PINCARA
G674,PINEROLO
F831,PINETO
G676,PINO D'ASTI
G677,PINO SULLA SPONDA DEL LAGO MAGGIORE
G678,PINO TORINESE
G680,PINZANO AL TAGLIAMENTO
G681,PINZOLO
G682,PIOBBICO
G683,PIOBESI D'ALBA
G684,PIOBESI TORINESE
G685,PIODE
G686,PIOLTELLO
G687,PIOMBINO
G688,PIOMBINO DESE
G690,PIORACO
G691,PIOSSASCO
G692,PIOVA' MASSAIA
G693,PIOVE DI SACCO
G694,PIOVENE ROCCHETTE
G695,PIOVERA
G696,PIOZZANO
G697,PIOZZO
G699,PIRAINO
G702,PISA
G703,PISANO
G705,PISCINA
M291,PISCINAS
G707,PISCIOTTA
G710,PISOGNE
G704,PISONIANO
G712,PISTICCI
G713,PISTOIA
G715,PITEGLIO
G716,PITIGLIANO
G717,PIUBEGA
G718,PIURO
G719,PIVERONE
G720,PIZZALE
G721,PIZZIGHETTONE
G722,PIZZO
G724,PIZZOFERRATO
G726,PIZZOLI
G727,PIZZONE
G728,PIZZONI
G729,PLACANICA
G733,PLATACI
G734,PLATANIA
G735,PLATI'
G299,PLAUS .PLAUS.
G737,PLESIO
G740,PLOAGHE
G741,PLODIO
G742,POCAPAGLIA
G743,POCENIA
G746,PODENZANA
G747,PODENZANO
G749,POFI
G751,POGGIARDO
G752,POGGIBONSI
G754,POGGIO A CAIANO
G755,POGGIO BERNI
G756,POGGIO BUSTONE
G757,POGGIO CATINO
G761,POGGIO IMPERIALE
G763,POGGIO MIRTETO
G764,POGGIO MOIANO
G765,POGGIO NATIVO
G766,POGGIO PICENZE
G768,POGGIO RENATICO
G753,POGGIO RUSCO
G770,POGGIO SAN LORENZO
G771,POGGIO SAN MARCELLO
D566,POGGIO SAN VICINO
B317,POGGIO SANNITA
M324,POGGIO TORRIANA
G758,POGGIODOMO
G760,POGGIOFIORITO
G762,POGGIOMARINO
G767,POGGIOREALE
G769,POGGIORSINI
G431,POGGIRIDENTI
G772,POGLIANO MILANESE
G773,POGNANA LARIO
G774,POGNANO
G775,POGNO
G777,POIRINO
G776,POJANA MAGGIORE
G779,POLAVENO
G780,POLCENIGO
G782,POLESELLA
G783,POLESINE PARMENSE
M367,POLESINE ZIBELLO
G784,POLI
G785,POLIA
G786,POLICORO
G787,POLIGNANO A MARE
G789,POLINAGO
G790,POLINO
G791,POLISTENA
G792,POLIZZI GENEROSA
G793,POLLA
G794,POLLEIN
G795,POLLENA TROCCHIA
F567,POLLENZA
G796,POLLICA
G797,POLLINA
G798,POLLONE
G799,POLLUTRI
G800,POLONGHERA
G801,POLPENAZZE DEL GARDA
G802,POLVERARA
G803,POLVERIGI
G804,POMARANCE
G805,POMARETTO
G806,POMARICO
G807,POMARO MONFERRATO
G808,POMAROLO
G809,POMBIA
G811,POMEZIA
G812,POMIGLIANO D'ARCO
G813,POMPEI
G814,POMPEIANA
G815,POMPIANO
G816,POMPONESCO
G817,POMPU
G818,PONCARALE
G820,PONDERANO
G821,PONNA
G822,PONSACCO
G823,PONSO
G826,PONT CANAVESE
G825,PONTASSIEVE
G545,PONTBOSET
G827,PONTE
G833,PONTE BUGGIANESE
G842,PONTE DELL'OLIO
G844,PONTE DI LEGNO
G846,PONTE DI PIAVE
G830,PONTE GARDENA .WAIDBRUCK.
G829,PONTE IN VALTELLINA
G847,PONTE LAMBRO
B662,PONTE NELLE ALPI
G851,PONTE NIZZA
F941,PONTE NOSSA
G855,PONTE SAN NICOLO'
G856,PONTE SAN PIETRO
G831,PONTEBBA
G834,PONTECAGNANO FAIANO
G836,PONTECCHIO POLESINE
G837,PONTECHIANALE
G838,PONTECORVO
G839,PONTECURONE
G840,PONTEDASSIO
G843,PONTEDERA
G848,PONTELANDOLFO
G849,PONTELATONE
G850,PONTELONGO
G852,PONTENURE
G853,PONTERANICA
G858,PONTESTURA
G859,PONTEVICO
G860,PONTEY
G861,PONTI
G862,PONTI SUL MINCIO
G864,PONTIDA
G865,PONTINIA
G866,PONTINVREA
G867,PONTIROLO NUOVO
G869,PONTOGLIO
G870,PONTREMOLI
G854,PONT-SAINT-MARTIN
G871,PONZA
G873,PONZANO DI FERMO
G872,PONZANO MONFERRATO
G874,PONZANO ROMANO
G875,PONZANO VENETO
G877,PONZONE
G878,POPOLI
G879,POPPI
G881,PORANO
G882,PORCARI
G886,PORCIA
G888,PORDENONE
G889,PORLEZZA
G890,PORNASSIO
G891,PORPETTO
A558,PORRETTA TERME
G894,PORTACOMARO
G895,PORTALBERA
G900,PORTE
M358,PORTE DI RENDENA
G902,PORTICI
G903,PORTICO DI CASERTA
G904,PORTICO E SAN BENEDETTO
G905,PORTIGLIOLA
E680,PORTO AZZURRO
G906,PORTO CERESIO
M263,PORTO CESAREO
F299,PORTO EMPEDOCLE
G917,PORTO MANTOVANO
G919,PORTO RECANATI
G920,PORTO SAN GIORGIO
G921,PORTO SANT'ELPIDIO
G923,PORTO TOLLE
G924,PORTO TORRES
G907,PORTO VALTRAVAGLIA
G926,PORTO VIRO
G909,PORTOBUFFOLE'
G910,PORTOCANNONE
G912,PORTOFERRAIO
G913,PORTOFINO
G914,PORTOGRUARO
G916,PORTOMAGGIORE
M257,PORTOPALO DI CAPO PASSERO
G922,PORTOSCUSO
G925,PORTOVENERE
G927,PORTULA
G929,POSADA
G931,POSINA
G932,POSITANO
G933,POSSAGNO
G934,POSTA
G935,POSTA FIBRENO
G936,POSTAL .BURGSTALL.
G937,POSTALESIO
G939,POSTIGLIONE
G940,POSTUA
G942,POTENZA
F632,POTENZA PICENA
G943,POVE DEL GRAPPA
G944,POVEGLIANO
G945,POVEGLIANO VERONESE
G947,POVIGLIO
G949,POVOLETTO
G950,POZZA DI FASSA
G951,POZZAGLIA SABINA
B914,POZZAGLIO ED UNITI
G953,POZZALLO
G954,POZZILLI
G955,POZZO D'ADDA
G960,POZZOL GROPPO
G959,POZZOLENGO
G957,POZZOLEONE
G961,POZZOLO FORMIGARO
G962,POZZOMAGGIORE
G963,POZZONOVO
G964,POZZUOLI
G966,POZZUOLO DEL FRIULI
G965,POZZUOLO MARTESANA
G968,PRADALUNGA
G969,PRADAMANO
G970,PRADLEVES
G973,PRAGELATO
G975,PRAIA A MARE
G976,PRAIANO
G977,PRALBOINO
G978,PRALI
G979,PRALORMO
G980,PRALUNGO
G981,PRAMAGGIORE
G982,PRAMOLLO
G985,PRAROLO
G986,PRAROSTINO
G987,PRASCO
G988,PRASCORSANO
G989,PRASO
G993,PRATA CAMPORTACCIO
G992,PRATA D'ANSIDONIA
G994,PRATA DI PORDENONE
G990,PRATA DI PRINCIPATO ULTRA
G991,PRATA SANNITA
G995,PRATELLA
G997,PRATIGLIONE
G999,PRATO
H004,PRATO ALLO STELVIO .PRAD AM STILFSERJOCH.
H002,PRATO CARNICO
H001,PRATO SESIA
H007,PRATOLA PELIGNA
H006,PRATOLA SERRA
H008,PRATOVECCHIO
M329,PRATOVECCHIO STIA
H010,PRAVISDOMINI
G974,PRAY
H011,PRAZZO
H014,PRECENICCO
H015,PRECI
M344,PREDAIA
H017,PREDAPPIO
H018,PREDAZZO
H019,PREDOI .PRETTAU.
H020,PREDORE
H021,PREDOSA
H022,PREGANZIOL
H026,PREGNANA MILANESE
H027,PRELA'
H028,PREMANA
H029,PREMARIACCO
H030,PREMENO
H033,PREMIA
H034,PREMILCUORE
H036,PREMOLO
H037,PREMOSELLO-CHIOVENDA
H038,PREONE
H039,PREORE
H040,PREPOTTO
H042,PRE'-SAINT-DIDIER
H043,PRESEGLIE
H045,PRESENZANO
H046,PRESEZZO
H047,PRESICCE
M428,PRESICCE-ACQUARICA
H048,PRESSANA
H050,PRESTINE
H052,PRETORO
H055,PREVALLE
H056,PREZZA
H057,PREZZO
H059,PRIERO
H062,PRIGNANO CILENTO
H061,PRIGNANO SULLA SECCHIA
H063,PRIMALUNA
M359,PRIMIERO SAN MARTINO DI CASTROZZA
H068,PRIOCCA
H069,PRIOLA
M279,PRIOLO GARGALLO
G698,PRIVERNO
H070,PRIZZI
H071,PROCENO
H072,PROCIDA
H073,PROPATA
H074,PROSERPIO
H076,PROSSEDI
H078,PROVAGLIO D'ISEO
H077,PROVAGLIO VAL SABBIA
H081,PROVES .PROVEIS.
H083,PROVVIDENTI
H085,PRUNETTO
H086,PUEGNAGO DEL GARDA
H087,PUGLIANELLO
H088,PULA
H089,PULFERO
H090,PULSANO
H091,PUMENENGO
H092,PUOS D'ALPAGO
H094,PUSIANO
H095,PUTIFIGARI
H096,PUTIGNANO
H647,SABAUDIA
H648,SABBIA
H650,SABBIO CHIESE
H652,SABBIONETA
H654,SACCO
H655,SACCOLONGO
H657,SACILE
H658,SACROFANO
H659,SADALI
H661,SAGAMA
H662,SAGLIANO MICCA
H665,SAGRADO
H666,SAGRON MIS
H669,SAINT-CHRISTOPHE
H670,SAINT-DENIS
H671,SAINT-MARCEL
H672,SAINT-NICOLAS
H673,SAINT-OYEN
H674,SAINT-PIERRE
H675,SAINT-RHEMY-EN-BOSSES
H676,SAINT-VINCENT
H682,SALA BAGANZA
H681,SALA BIELLESE
H678,SALA BOLOGNESE
H679,SALA COMACINA
H683,SALA CONSILINA
H677,SALA MONFERRATO
H687,SALANDRA
H688,SALAPARUTA
H689,SALARA
H690,SALASCO
H691,SALASSA
H684,SALBERTRAND
F810,SALCEDO
H693,SALCITO
H694,SALE
H695,SALE DELLE LANGHE
H699,SALE MARASINO
H704,SALE SAN GIOVANNI
H700,SALEMI
H686,SALENTO
H702,SALERANO CANAVESE
H701,SALERANO SUL LAMBRO
H703,SALERNO
H705,SALETTO
H706,SALGAREDA
H707,SALI VERCELLESE
H708,SALICE SALENTINO
H710,SALICETO
H713,SALISANO
H714,SALIZZOLE
H715,SALLE
H716,SALMOUR
H717,SALO'
H719,SALORNO SULLA STRADA DEL VINO .SALURN AN DER
H720,SALSOMAGGIORE TERME
H721,SALTARA
H723,SALTRIO
H724,SALUDECIO
H725,SALUGGIA
H726,SALUSSOLA
H727,SALUZZO
H729,SALVE
H731,SALVIROLA
H732,SALVITELLE
H734,SALZA DI PINEROLO
H733,SALZA IRPINA
H735,SALZANO
H736,SAMARATE
H738,SAMASSI
H739,SAMATZAI
H743,SAMBUCA DI SICILIA
H744,SAMBUCA PISTOIESE
H745,SAMBUCI
H746,SAMBUCO
H749,SAMMICHELE DI BARI
H013,SAMO
H752,SAMOLACO
H753,SAMONE
H754,SAMONE
H755,SAMPEYRE
H756,SAMUGHEO
H763,SAN BARTOLOMEO AL MARE
H764,SAN BARTOLOMEO IN GALDO
H760,SAN BARTOLOMEO VAL CAVARGNA
H765,SAN BASILE
H766,SAN BASILIO
H767,SAN BASSANO
H768,SAN BELLINO
H770,SAN BENEDETTO BELBO
H772,SAN BENEDETTO DEI MARSI
H769,SAN BENEDETTO DEL TRONTO
H773,SAN BENEDETTO IN PERILLIS
H771,SAN BENEDETTO PO
H774,SAN BENEDETTO ULLANO
G566,SAN BENEDETTO VAL DI SAMBRO
H775,SAN BENIGNO CANAVESE
H777,SAN BERNARDINO VERBANO
H780,SAN BIAGIO DELLA CIMA
H781,SAN BIAGIO DI CALLALTA
H778,SAN BIAGIO PLATANI
H779,SAN BIAGIO SARACINISCO
H782,SAN BIASE
H783,SAN BONIFACIO
H784,SAN BUONO
H785,SAN CALOGERO
H786,SAN CANDIDO .INNICHEN.
H787,SAN CANZIAN D'ISONZO
H789,SAN CARLO CANAVESE
H790,SAN CASCIANO DEI BAGNI
H791,SAN CASCIANO IN VAL DI PESA
M264,SAN CASSIANO
H792,SAN CATALDO
M295,SAN CESAREO
H793,SAN CESARIO DI LECCE
H794,SAN CESARIO SUL PANARO
H795,SAN CHIRICO NUOVO
H796,SAN CHIRICO RAPARO
H797,SAN CIPIRELLO
H798,SAN CIPRIANO D'AVERSA
H800,SAN CIPRIANO PICENTINO
H799,SAN CIPRIANO PO
H801,SAN CLEMENTE
H803,SAN COLOMBANO AL LAMBRO
H804,SAN COLOMBANO BELMONTE
H802,SAN COLOMBANO CERTENOLI
H805,SAN CONO
H806,SAN COSMO ALBANESE
H808,SAN COSTANTINO ALBANESE
H807,SAN COSTANTINO CALABRO
H809,SAN COSTANZO
H810,SAN CRISTOFORO
H814,SAN DAMIANO AL COLLE
H811,SAN DAMIANO D'ASTI
H812,SAN DAMIANO MACRA
H816,SAN DANIELE DEL FRIULI
H815,SAN DANIELE PO
H818,SAN DEMETRIO CORONE
H819,SAN DEMETRIO NE' VESTINI
H820,SAN DIDERO
H823,SAN DONA' DI PIAVE
H822,SAN DONACI
H826,SAN DONATO DI LECCE
H825,SAN DONATO DI NINEA
H827,SAN DONATO MILANESE
H824,SAN DONATO VAL DI COMINO
D324,SAN DORLIGO DELLA VALLE
H830,SAN FEDELE INTELVI
H831,SAN FELE
H834,SAN FELICE A CANCELLO
H836,SAN FELICE CIRCEO
H838,SAN FELICE DEL BENACO
H833,SAN FELICE DEL MOLISE
H835,SAN FELICE SUL PANARO
M277,SAN FERDINANDO
H839,SAN FERDINANDO DI PUGLIA
H840,SAN FERMO DELLA BATTAGLIA
H841,SAN FILI
H842,SAN FILIPPO DEL MELA
H843,SAN FIOR
H844,SAN FIORANO
H845,SAN FLORIANO DEL COLLIO
H846,SAN FLORO
H847,SAN FRANCESCO AL CAMPO
H850,SAN FRATELLO
H856,SAN GAVINO MONREALE
H857,SAN GEMINI
H858,SAN GENESIO ATESINO .JENESIEN.
H859,SAN GENESIO ED UNITI
H860,SAN GENNARO VESUVIANO
H862,SAN GERMANO CHISONE
H863,SAN GERMANO DEI BERICI
H861,SAN GERMANO VERCELLESE
H865,SAN GERVASIO BRESCIANO
H867,SAN GIACOMO DEGLI SCHIAVONI
H870,SAN GIACOMO DELLE SEGNATE
H868,SAN GIACOMO FILIPPO
B952,SAN GIACOMO VERCELLESE
H873,SAN GILLIO
H875,SAN GIMIGNANO
H876,SAN GINESIO
H892,SAN GIORGIO A CREMANO
H880,SAN GIORGIO A LIRI
H881,SAN GIORGIO ALBANESE
H883,SAN GIORGIO BIGARELLO
H890,SAN GIORGIO CANAVESE
H894,SAN GIORGIO DEL SANNIO
H891,SAN GIORGIO DELLA RICHINVELDA
H893,SAN GIORGIO DELLE PERTICHE
H885,SAN GIORGIO DI LOMELLINA
H895,SAN GIORGIO DI NOGARO
H886,SAN GIORGIO DI PESARO
H896,SAN GIORGIO DI PIANO
H897,SAN GIORGIO IN BOSCO
H882,SAN GIORGIO IONICO
H898,SAN GIORGIO LA MOLARA
H888,SAN GIORGIO LUCANO
H878,SAN GIORGIO MONFERRATO
H889,SAN GIORGIO MORGETO
H887,SAN GIORGIO PIACENTINO
H899,SAN GIORGIO SCARAMPI
H884,SAN GIORGIO SU LEGNANO
H900,SAN GIORIO DI SUSA
H907,SAN GIOVANNI A PIRO
H906,SAN GIOVANNI AL NATISONE
H910,SAN GIOVANNI BIANCO
H911,SAN GIOVANNI D'ASSO
H912,SAN GIOVANNI DEL DOSSO
M390,SAN GIOVANNI DI FASSA-SEN JAN
H903,SAN GIOVANNI DI GERACE
H914,SAN GIOVANNI GEMINI
H916,SAN GIOVANNI ILARIONE
H918,SAN GIOVANNI IN CROCE
H919,SAN GIOVANNI IN FIORE
H920,SAN GIOVANNI IN GALDO
H921,SAN GIOVANNI IN MARIGNANO
G467,SAN GIOVANNI IN PERSICETO
H917,SAN GIOVANNI INCARICO
H922,SAN GIOVANNI LA PUNTA
H923,SAN GIOVANNI LIPIONI
H924,SAN GIOVANNI LUPATOTO
H926,SAN GIOVANNI ROTONDO
G287,SAN GIOVANNI SUERGIU
D690,SAN GIOVANNI TEATINO
H901,SAN GIOVANNI VALDARNO
H928,SAN GIULIANO DEL SANNIO
H929,SAN GIULIANO DI PUGLIA
H930,SAN GIULIANO MILANESE
A562,SAN GIULIANO TERME
H933,SAN GIUSEPPE JATO
H931,SAN GIUSEPPE VESUVIANO
H935,SAN GIUSTINO
H936,SAN GIUSTO CANAVESE
H937,SAN GODENZO
H942,SAN GREGORIO DA SASSOLA
H940,SAN GREGORIO DI CATANIA
H941,SAN GREGORIO D'IPPONA
H943,SAN GREGORIO MAGNO
H939,SAN GREGORIO MATESE
H938,SAN GREGORIO NELLE ALPI
H945,SAN LAZZARO DI SAVENA
H949,SAN LEO
H951,SAN LEONARDO
H952,SAN LEONARDO IN PASSIRIA .ST LEONHARD IN PAS.
H953,SAN LEUCIO DEL SANNIO
H955,SAN LORENZELLO
H959,SAN LORENZO
H957,SAN LORENZO AL MARE
H961,SAN LORENZO BELLIZZI
H962,SAN LORENZO DEL VALLO
H956,SAN LORENZO DI SEBATO .ST LORENZEN.
M345,SAN LORENZO DORSINO
H966,SAN LORENZO IN BANALE
H958,SAN LORENZO IN CAMPO
H964,SAN LORENZO ISONTINO
H967,SAN LORENZO MAGGIORE
H969,SAN LORENZO NUOVO
H970,SAN LUCA
H971,SAN LUCIDO
H973,SAN LUPO
H976,SAN MANGO D'AQUINO
H977,SAN MANGO PIEMONTE
H975,SAN MANGO SUL CALORE
H978,SAN MARCELLINO
H979,SAN MARCELLO
H980,SAN MARCELLO PISTOIESE
M377,SAN MARCELLO PITEGLIO
H981,SAN MARCO ARGENTANO
H982,SAN MARCO D'ALUNZIO
H984,SAN MARCO DEI CAVOTI
F043,SAN MARCO EVANGELISTA
H985,SAN MARCO IN LAMIS
H986,SAN MARCO LA CATOLA
H999,SAN MARTINO AL TAGLIAMENTO
H987,SAN MARTINO ALFIERI
I003,SAN MARTINO BUON ALBERGO
H997,SAN MARTINO CANAVESE
H994,SAN MARTINO D'AGRI
I005,SAN MARTINO DALL'ARGINE
I007,SAN MARTINO DEL LAGO
H992,SAN MARTINO DI FINITA
I008,SAN MARTINO DI LUPARI
H996,SAN MARTINO DI VENEZZE
H988,SAN MARTINO IN BADIA .ST MARTIN IN THURN.
H989,SAN MARTINO IN PASSIRIA .ST MARTIN IN PASSEI.
H990,SAN MARTINO IN PENSILIS
I011,SAN MARTINO IN RIO
I012,SAN MARTINO IN STRADA
I002,SAN MARTINO SANNITA
I014,SAN MARTINO SICCOMARIO
H991,SAN MARTINO SULLA MARRUCINA
I016,SAN MARTINO VALLE CAUDINA
I018,SAN MARZANO DI SAN GIUSEPPE
I017,SAN MARZANO OLIVETO
I019,SAN MARZANO SUL SARNO
I023,SAN MASSIMO
I024,SAN MAURIZIO CANAVESE
I025,SAN MAURIZIO D'OPAGLIO
I028,SAN MAURO CASTELVERDE
I031,SAN MAURO CILENTO
H712,SAN MAURO DI SALINE
I029,SAN MAURO FORTE
I032,SAN MAURO LA BRUCA
I026,SAN MAURO MARCHESATO
I027,SAN MAURO PASCOLI
I030,SAN MAURO TORINESE
I040,SAN MICHELE AL TAGLIAMENTO
I042,SAN MICHELE ALL'ADIGE
I035,SAN MICHELE DI GANZARIA
I034,SAN MICHELE DI SERINO
I037,SAN MICHELE MONDOVI'
I045,SAN MICHELE SALENTINO
I046,SAN MINIATO
I047,SAN NAZARIO
I049,SAN NAZZARO
I052,SAN NAZZARO SESIA
I051,SAN NAZZARO VAL CAVARGNA
I054,SAN NICANDRO GARGANICO
I060,SAN NICOLA ARCELLA
I061,SAN NICOLA BARONIA
I058,SAN NICOLA DA CRISSA
I057,SAN NICOLA DELL'ALTO
I056,SAN NICOLA LA STRADA
I062,SAN NICOLA MANFREDI
A368,SAN NICOLO' D'ARCIDANO
I063,SAN NICOLO' DI COMELICO
G383,SAN NICOLO' GERREI
I066,SAN PANCRAZIO SALENTINO
I065,SAN PANCRAZIO .ST PANKRAZ.
G407,SAN PAOLO
B906,SAN PAOLO ALBANESE
I073,SAN PAOLO BEL SITO
I074,SAN PAOLO CERVO
B310,SAN PAOLO D'ARGON
I072,SAN PAOLO DI CIVITATE
I071,SAN PAOLO DI JESI
I076,SAN PAOLO SOLBRITO
I079,SAN PELLEGRINO TERME
I082,SAN PIER D'ISONZO
I084,SAN PIER NICETO
I085,SAN PIERO A SIEVE
I086,SAN PIERO PATTI
I093,SAN PIETRO A MAIDA
I092,SAN PIETRO AL NATISONE
I089,SAN PIETRO AL TANAGRO
I095,SAN PIETRO APOSTOLO
I096,SAN PIETRO AVELLANA
I098,SAN PIETRO CLARENZA
I088,SAN PIETRO DI CADORE
I102,SAN PIETRO DI CARIDA'
I103,SAN PIETRO DI FELETTO
I105,SAN PIETRO DI MORUBIO
I108,SAN PIETRO IN AMANTEA
I109,SAN PIETRO IN CARIANO
I110,SAN PIETRO IN CASALE
G788,SAN PIETRO IN CERRO
I107,SAN PIETRO IN GU
I114,SAN PIETRO IN GUARANO
I115,SAN PIETRO IN LAMA
I113,SAN PIETRO INFINE
I116,SAN PIETRO MOSEZZO
I117,SAN PIETRO MUSSOLINO
I090,SAN PIETRO VAL LEMINA
I119,SAN PIETRO VERNOTICO
I120,SAN PIETRO VIMINARIO
I121,SAN PIO DELLE CAMERE
I125,SAN POLO DEI CAVALIERI
I123,SAN POLO D'ENZA
I124,SAN POLO DI PIAVE
I122,SAN POLO MATESE
I126,SAN PONSO
I128,SAN POSSIDONIO
I130,SAN POTITO SANNITICO
I129,SAN POTITO ULTRA
I131,SAN PRISCO
I132,SAN PROCOPIO
I133,SAN PROSPERO
I135,SAN QUIRICO D'ORCIA
I136,SAN QUIRINO
I137,SAN RAFFAELE CIMENA
I139,SAN ROBERTO
I140,SAN ROCCO AL PORTO
I142,SAN ROMANO IN GARFAGNANA
I143,SAN RUFO
I147,SAN SALVATORE DI FITALIA
I144,SAN SALVATORE MONFERRATO
I145,SAN SALVATORE TELESINO
I148,SAN SALVO
I151,SAN SEBASTIANO AL VESUVIO
I150,SAN SEBASTIANO CURONE
I152,SAN SEBASTIANO DA PO
I154,SAN SECONDO DI PINEROLO
I153,SAN SECONDO PARMENSE
I157,SAN SEVERINO LUCANO
I156,SAN SEVERINO MARCHE
I158,SAN SEVERO
I162,SAN SIRO
I163,SAN SOSSIO BARONIA
I164,SAN SOSTENE
I165,SAN SOSTI
I166,SAN SPERATE
I373,SAN STINO DI LIVENZA
I261,SAN TAMMARO
I329,SAN TEODORO
I328,SAN TEODORO
I347,SAN TOMASO AGORDINO
I376,SAN VALENTINO IN ABRUZZO CITERIORE
I377,SAN VALENTINO TORIO
I381,SAN VENANZO
I382,SAN VENDEMIANO
I384,SAN VERO MILIS
I390,SAN VINCENZO
I388,SAN VINCENZO LA COSTA
I389,SAN VINCENZO VALLE ROVETO
I391,SAN VITALIANO
I402,SAN VITO
I403,SAN VITO AL TAGLIAMENTO
I404,SAN VITO AL TORRE
I394,SAN VITO CHIETINO
I396,SAN VITO DEI NORMANNI
I392,SAN VITO DI CADORE
I405,SAN VITO DI FAGAGNA
I401,SAN VITO DI LEGUZZANO
I407,SAN VITO LO CAPO
I400,SAN VITO ROMANO
I393,SAN VITO SULLO IONIO
I408,SAN VITTORE DEL LAZIO
I409,SAN VITTORE OLONA
I414,SAN ZENO DI MONTAGNA
I412,SAN ZENO NAVIGLIO
I415,SAN ZENONE AL LAMBRO
I416,SAN ZENONE AL PO
I417,SAN ZENONE DEGLI EZZELINI
H757,SANARICA
H821,SANDIGLIANO
H829,SANDRIGO
H851,SANFRE'
H852,SANFRONT
H855,SANGANO
H872,SANGIANO
H877,SANGINETO
H944,SANGUINETTO
H974,SANLURI
I048,SANNAZZARO DE' BURGONDI
I053,SANNICANDRO DI BARI
I059,SANNICOLA
I138,SANREMO
I155,SANSEPOLCRO
I168,SANTA BRIGIDA
I171,SANTA CATERINA ALBANESE
I170,SANTA CATERINA DELLO IONIO
I169,SANTA CATERINA VILLARMOSA
I172,SANTA CESAREA TERME
I176,SANTA CRISTINA D'ASPROMONTE
I175,SANTA CRISTINA E BISSONE
I174,SANTA CRISTINA GELA
I173,SANTA CRISTINA VALGARDENA .ST CHRISTINA IN G.
I178,SANTA CROCE CAMERINA
I179,SANTA CROCE DEL SANNIO
I181,SANTA CROCE DI MAGLIANO
I177,SANTA CROCE SULL'ARNO
I183,SANTA DOMENICA TALAO
I184,SANTA DOMENICA VITTORIA
I185,SANTA ELISABETTA
I187,SANTA FIORA
I188,SANTA FLAVIA
I203,SANTA GIULETTA
I205,SANTA GIUSTA
I206,SANTA GIUSTINA
I207,SANTA GIUSTINA IN COLLE
I217,SANTA LUCE
I220,SANTA LUCIA DEL MELA
I221,SANTA LUCIA DI PIAVE
I219,SANTA LUCIA DI SERINO
I226,SANTA MARGHERITA D'ADIGE
I224,SANTA MARGHERITA DI BELICE
I230,SANTA MARGHERITA DI STAFFORA
I225,SANTA MARGHERITA LIGURE
I232,SANTA MARIA A MONTE
I233,SANTA MARIA A VICO
I234,SANTA MARIA CAPUA VETERE
M284,SANTA MARIA COGHINAS
C717,SANTA MARIA DEL CEDRO
I238,SANTA MARIA DEL MOLISE
I237,SANTA MARIA DELLA VERSA
I240,SANTA MARIA DI LICODIA
I242,SANTA MARIA DI SALA
I243,SANTA MARIA HOE'
I244,SANTA MARIA IMBARO
M273,SANTA MARIA LA CARITA'
I247,SANTA MARIA LA FOSSA
I248,SANTA MARIA LA LONGA
I249,SANTA MARIA MAGGIORE
I251,SANTA MARIA NUOVA
I253,SANTA MARINA
I254,SANTA MARINA SALINA
I255,SANTA MARINELLA
I291,SANTA NINFA
I301,SANTA PAOLINA
I308,SANTA SEVERINA
I310,SANTA SOFIA
I309,SANTA SOFIA D'EPIRO
I311,SANTA TERESA DI RIVA
I312,SANTA TERESA GALLURA
I314,SANTA VENERINA
I316,SANTA VITTORIA D'ALBA
I315,SANTA VITTORIA IN MATENANO
I182,SANTADI
I189,SANT'AGAPITO
I191,SANT'AGATA BOLOGNESE
I197,SANT'AGATA DE' GOTI
I198,SANT'AGATA DEL BIANCO
I192,SANT'AGATA DI ESARO
I199,SANT'AGATA DI MILITELLO
I193,SANT'AGATA DI PUGLIA
I201,SANT'AGATA FELTRIA
I190,SANT'AGATA FOSSILI
I202,SANT'AGATA LI BATTIATI
I196,SANT'AGATA SUL SANTERNO
I208,SANT'AGNELLO
I209,SANT'AGOSTINO
I210,SANT'ALBANO STURA
I213,SANT'ALESSIO CON VIALONE
I214,SANT'ALESSIO IN ASPROMONTE
I215,SANT'ALESSIO SICULO
I216,SANT'ALFIO
I258,SANT'AMBROGIO DI TORINO
I259,SANT'AMBROGIO DI VALPOLICELLA
I256,SANT'AMBROGIO SUL GARIGLIANO
I262,SANT'ANASTASIA
I263,SANT'ANATOLIA DI NARCO
I266,SANT'ANDREA APOSTOLO DELLO IONIO
I265,SANT'ANDREA DEL GARIGLIANO
I264,SANT'ANDREA DI CONZA
I271,SANT'ANDREA FRIUS
I277,SANT'ANGELO A CUPOLO
I278,SANT'ANGELO A FASANELLA
I280,SANT'ANGELO A SCALA
I279,SANT'ANGELO ALL'ESCA
I273,SANT'ANGELO D'ALIFE
I281,SANT'ANGELO DEI LOMBARDI
I282,SANT'ANGELO DEL PESCO
I283,SANT'ANGELO DI BROLO
I275,SANT'ANGELO DI PIOVE DI SACCO
I285,SANT'ANGELO IN LIZZOLA
I286,SANT'ANGELO IN PONTANO
I287,SANT'ANGELO IN VADO
I288,SANT'ANGELO LE FRATTE
I289,SANT'ANGELO LIMOSANO
I274,SANT'ANGELO LODIGIANO
I276,SANT'ANGELO LOMELLINA
I290,SANT'ANGELO MUXARO
I284,SANT'ANGELO ROMANO
M209,SANT'ANNA ARRESI
I292,SANT'ANNA D'ALFAEDO
I293,SANT'ANTIMO
I294,SANT'ANTIOCO
I296,SANT'ANTONINO DI SUSA
I300,SANT'ANTONIO ABATE
M276,SANT'ANTONIO DI GALLURA
I302,SANT'APOLLINARE
I305,SANT'ARCANGELO
I304,SANTARCANGELO DI ROMAGNA
F557,SANT'ARCANGELO TRIMONTE
I306,SANT'ARPINO
I307,SANT'ARSENIO
I326,SANTE MARIE
I318,SANT'EGIDIO ALLA VIBRATA
I317,SANT'EGIDIO DEL MONTE ALBINO
I319,SANT'ELENA
B466,SANT'ELENA SANNITA
I320,SANT'ELIA A PIANISI
I321,SANT'ELIA FIUMERAPIDO
I324,SANT'ELPIDIO A MARE
I327,SANTENA
I330,SANTERAMO IN COLLE
I332,SANT'EUFEMIA A MAIELLA
I333,SANT'EUFEMIA D'ASPROMONTE
I335,SANT'EUSANIO DEL SANGRO
I336,SANT'EUSANIO FORCONESE
I337,SANTHIA'
I339,SANTI COSMA E DAMIANO
I341,SANT'ILARIO DELLO IONIO
I342,SANT'ILARIO D'ENZA
I344,SANT'IPPOLITO
I365,SANTO STEFANO AL MARE
I367,SANTO STEFANO BELBO
I368,SANTO STEFANO D'AVETO
I357,SANTO STEFANO DEL SOLE
C919,SANTO STEFANO DI CADORE
I370,SANTO STEFANO DI CAMASTRA
I363,SANTO STEFANO DI MAGRA
I359,SANTO STEFANO DI ROGLIANO
I360,SANTO STEFANO DI SESSANIO
I371,SANTO STEFANO IN ASPROMONTE
I362,SANTO STEFANO LODIGIANO
I356,SANTO STEFANO QUISQUINA
I372,SANTO STEFANO ROERO
I361,SANTO STEFANO TICINO
I346,SANT'OLCESE
I260,SANTOMENNA
I348,SANT'OMERO
M333,SANT'OMOBONO TERME
I349,SANT'OMOBONO TERME
I350,SANT'ONOFRIO
I351,SANTOPADRE
I352,SANT'ORESTE
I353,SANTORSO
I354,SANT'ORSOLA TERME
I374,SANTU LUSSURGIU
I375,SANT'URBANO
I410,SANZA
I411,SANZENO
I418,SAONARA
I420,SAPONARA
I421,SAPPADA
I422,SAPRI
I423,SARACENA
I424,SARACINESCO
I425,SARCEDO
I426,SARCONI
I428,SARDARA
I429,SARDIGLIANO
I430,SAREGO
I431,SARENTINO .SARNTAL.
I432,SAREZZANO
I433,SAREZZO
I434,SARMATO
I435,SARMEDE
I436,SARNANO
I437,SARNICO
I438,SARNO
I439,SARNONICO
I441,SARONNO
I442,SARRE
I443,SARROCH
I444,SARSINA
I445,SARTEANO
I447,SARTIRANA LOMELLINA
I448,SARULE
I449,SARZANA
I451,SASSANO
I452,SASSARI
I453,SASSELLO
I454,SASSETTA
I455,SASSINORO
I457,SASSO DI CASTALDA
G972,SASSO MARCONI
I459,SASSOCORVARO
M413,SASSOCORVARO AUDITORE
I460,SASSOFELTRIO
I461,SASSOFERRATO
I462,SASSUOLO
I463,SATRIANO
G614,SATRIANO DI LUCANIA
I464,SAURIS
I465,SAUZE DI CESANA
I466,SAUZE D'OULX
I467,SAVA
I468,SAVELLI
I469,SAVIANO
I470,SAVIGLIANO
I471,SAVIGNANO IRPINO
I473,SAVIGNANO SUL PANARO
I472,SAVIGNANO SUL RUBICONE
I474,SAVIGNO
I475,SAVIGNONE
I476,SAVIORE DELL'ADAMELLO
I477,SAVOCA
I478,SAVOGNA
I479,SAVOGNA D'ISONZO
H730,SAVOIA DI LUCANIA
I480,SAVONA
I482,SCAFA
I483,SCAFATI
I484,SCAGNELLO
I486,SCALA
I485,SCALA COELI
I487,SCALDASOLE
I489,SCALEA
I490,SCALENGHE
I492,SCALETTA ZANCLEA
I493,SCAMPITELLA
I494,SCANDALE
I496,SCANDIANO
B962,SCANDICCI
I497,SCANDOLARA RAVARA
I498,SCANDOLARA RIPA D'OGLIO
I499,SCANDRIGLIA
I501,SCANNO
I503,SCANO DI MONTIFERRO
I504,SCANSANO
M256,SCANZANO JONICO
I506,SCANZOROSCIATE
I507,SCAPOLI
I510,SCARLINO
I511,SCARMAGNO
I512,SCARNAFIGI
I514,SCARPERIA
M326,SCARPERIA E SAN PIERO
I519,SCENA .SCHENNA.
I520,SCERNI
I522,SCHEGGIA E PASCELUPO
I523,SCHEGGINO
I526,SCHIAVI DI ABRUZZO
I527,SCHIAVON
I529,SCHIGNANO
I530,SCHILPARIO
I531,SCHIO
I532,SCHIVENOGLIA
I533,SCIACCA
I534,SCIARA
I535,SCICLI
I536,SCIDO
D290,SCIGLIANO
I537,SCILLA
I538,SCILLATO
I539,SCIOLZE
I540,SCISCIANO
I541,SCLAFANI BAGNI
I543,SCONTRONE
I544,SCOPA
I545,SCOPELLO
I546,SCOPPITO
I548,SCORDIA
I549,SCORRANO
I551,SCORZE'
I553,SCURCOLA MARSICANA
I554,SCURELLE
I555,SCURZOLENGO
I556,SEBORGA
I558,SECINARO
I559,SECLI'
I561,SECUGNAGO
I562,SEDEGLIANO
I563,SEDICO
I564,SEDILO
I565,SEDINI
I566,SEDRIANO
I567,SEDRINA
I569,SEFRO
I570,SEGARIU
I571,SEGGIANO
I573,SEGNI
I576,SEGONZANO
I577,SEGRATE
I578,SEGUSINO
I580,SELARGIUS
I581,SELCI
I582,SELEGAS
M360,SELLA GIUDICARIE
I585,SELLANO
I588,SELLERO
I589,SELLIA
I590,SELLIA MARINA
I593,SELVA DEI MOLINI .MUEHLWALD.
I592,SELVA DI CADORE
I594,SELVA DI PROGNO
I591,SELVA DI VAL GARDENA .WOLKENSTEIN IN GROEDEN.
I595,SELVAZZANO DENTRO
I596,SELVE MARCONE
I597,SELVINO
I598,SEMESTENE
I599,SEMIANA
I600,SEMINARA
I601,SEMPRONIANO
I602,SENAGO
I604,SENALES .SCHNALS.
I603,SENALE-SAN FELICE .UNSERE LIEBE FRAU IM WALD.
I605,SENEGHE
I606,SENERCHIA
I607,SENIGA
I608,SENIGALLIA
I609,SENIS
I610,SENISE
I611,SENNA COMASCO
I612,SENNA LODIGIANA
I613,SENNARIOLO
I614,SENNORI
I615,SENORBI'
I618,SEPINO
I619,SEPPIANA
I621,SEQUALS
I622,SERAVEZZA
I624,SERDIANA
I625,SEREGNO
I626,SEREN DEL GRAPPA
I627,SERGNANO
I628,SERIATE
I629,SERINA
I630,SERINO
I631,SERLE
I632,SERMIDE E FELONICA
I634,SERMONETA
I635,SERNAGLIA DELLA BATTAGLIA
I636,SERNIO
I637,SEROLE
I642,SERRA D'AIELLO
I643,SERRA DE' CONTI
I650,SERRA PEDACE
I640,SERRA RICCO'
I639,SERRA SAN BRUNO
I653,SERRA SAN QUIRICO
I654,SERRA SANT'ABBONDIO
I641,SERRACAPRIOLA
I644,SERRADIFALCO
I646,SERRALUNGA D'ALBA
I645,SERRALUNGA DI CREA
I647,SERRAMANNA
F357,SERRAMAZZONI
I648,SERRAMEZZANA
I649,SERRAMONACESCA
I651,SERRAPETRONA
I652,SERRARA FONTANA
I655,SERRASTRETTA
I656,SERRATA
I662,SERRAVALLE A PO
I661,SERRAVALLE DI CHIENTI
I659,SERRAVALLE LANGHE
I660,SERRAVALLE PISTOIESE
I657,SERRAVALLE SCRIVIA
I663,SERRAVALLE SESIA
I666,SERRE
I667,SERRENTI
I668,SERRI
I669,SERRONE
I670,SERRUNGARINA
I671,SERSALE
C070,SERVIGLIANO
I676,SESSA AURUNCA
I677,SESSA CILENTO
I678,SESSAME
I679,SESSANO DEL MOLISE
E070,SESTA GODANO
I681,SESTINO
I686,SESTO AL REGHENA
I688,SESTO CALENDE
I682,SESTO CAMPANO
I683,SESTO ED UNITI
I684,SESTO FIORENTINO
I690,SESTO SAN GIOVANNI
I687,SESTO .SEXTEN.
I689,SESTOLA
I693,SESTRI LEVANTE
I692,SESTRIERE
I695,SESTU
I696,SETTALA
I697,SETTEFRATI
I698,SETTIME
I700,SETTIMO MILANESE
I701,SETTIMO ROTTARO
I699,SETTIMO SAN PIETRO
I703,SETTIMO TORINESE
I702,SETTIMO VITTONE
I704,SETTINGIANO
I705,SETZU
I706,SEUI
I707,SEULO
I709,SEVESO
I711,SEZZADIO
I712,SEZZE
I714,SFRUZ
I715,SGONICO
I716,SGURGOLA
I717,SIAMAGGIORE
I718,SIAMANNA
I720,SIANO
I721,SIAPICCIA
M253,SICIGNANO DEGLI ALBURNI
I723,SICULIANA
I724,SIDDI
I725,SIDERNO
I726,SIENA
I727,SIGILLO
I728,SIGNA
I729,SILANDRO .SCHLANDERS.
I730,SILANUS
F116,SILEA
I732,SILIGO
I734,SILIQUA
I735,SILIUS
I737,SILLANO
M347,SILLANO GIUNCUGNANO
I736,SILLAVENGO
I738,SILVANO D'ORBA
I739,SILVANO PIETRA
I741,SILVI
I742,SIMALA
I743,SIMAXIS
I744,SIMBARIO
I745,SIMERI CRICHI
I747,SINAGRA
A468,SINALUNGA
I748,SINDIA
I749,SINI
I750,SINIO
I751,SINISCOLA
I752,SINNAI
I753,SINOPOLI
I754,SIRACUSA
I756,SIRIGNANO
I757,SIRIS
I633,SIRMIONE
I758,SIROLO
I759,SIRONE
I760,SIROR
I761,SIRTORI
I763,SISSA
M325,SISSA TRECASALI
I765,SIURGUS DONIGALA
E265,SIZIANO
I767,SIZZANO
I771,SLUDERNO .SCHLUDERNS.
I772,SMARANO
I774,SMERILLO
I775,SOAVE
I777,SOCCHIEVE
I778,SODDI'
I779,SOGLIANO AL RUBICONE
I780,SOGLIANO CAVOUR
I781,SOGLIO
I782,SOIANO DEL LAGO
I783,SOLAGNA
I785,SOLARINO
I786,SOLARO
I787,SOLAROLO
I790,SOLAROLO RAINERIO
I791,SOLARUSSA
I792,SOLBIATE
I793,SOLBIATE ARNO
M412,SOLBIATE CON CAGNO
I794,SOLBIATE OLONA
I796,SOLDANO
I797,SOLEMINIS
I798,SOLERO
I799,SOLESINO
I800,SOLETO
I801,SOLFERINO
I802,SOLIERA
I803,SOLIGNANO
I805,SOLOFRA
I808,SOLONGHELLO
I809,SOLOPACA
I812,SOLTO COLLINA
I813,SOLZA
I815,SOMAGLIA
I817,SOMANO
I819,SOMMA LOMBARDO
I820,SOMMA VESUVIANA
I821,SOMMACAMPAGNA
I822,SOMMARIVA DEL BOSCO
I823,SOMMARIVA PERNO
I824,SOMMATINO
I825,SOMMO
I826,SONA
I827,SONCINO
I828,SONDALO
I829,SONDRIO
I830,SONGAVAZZO
I831,SONICO
I832,SONNINO
I835,SOPRANA
I838,SORA
I839,SORAGA DI FASSA
I840,SORAGNA
I841,SORANO
I844,SORBO SAN BASILE
I843,SORBO SERPICO
I845,SORBOLO
M411,SORBOLO MEZZANI
I847,SORDEVOLO
I848,SORDIO
I849,SORESINA
I850,SORGA'
I851,SORGONO
I852,SORI
I853,SORIANELLO
I854,SORIANO CALABRO
I855,SORIANO NEL CIMINO
I856,SORICO
I857,SORISO
I858,SORISOLE
I860,SORMANO
I861,SORRADILE
I862,SORRENTO
I863,SORSO
I864,SORTINO
I865,SOSPIRO
I866,SOSPIROLO
I867,SOSSANO
I868,SOSTEGNO
I869,SOTTO IL MONTE GIOVANNI XXIII
I871,SOVER
I872,SOVERATO
I873,SOVERE
I874,SOVERIA MANNELLI
I875,SOVERIA SIMERI
I876,SOVERZENE
I877,SOVICILLE
I878,SOVICO
I879,SOVIZZO
I673,SOVRAMONTE
I880,SOZZAGO
I881,SPADAFORA
I884,SPADOLA
I885,SPARANISE
I886,SPARONE
I887,SPECCHIA
I888,SPELLO
I889,SPERA
I891,SPERLINGA
I892,SPERLONGA
I893,SPERONE
I894,SPESSA
I895,SPEZZANO ALBANESE
I896,SPEZZANO DELLA SILA
I898,SPEZZANO PICCOLO
I899,SPIAZZO
I901,SPIGNO MONFERRATO
I902,SPIGNO SATURNIA
I903,SPILAMBERTO
I904,SPILIMBERGO
I905,SPILINGA
I906,SPINADESCO
I907,SPINAZZOLA
I908,SPINEA
I909,SPINEDA
I910,SPINETE
I911,SPINETO SCRIVIA
I912,SPINETOLI
I914,SPINO D'ADDA
I916,SPINONE AL LAGO
I917,SPINOSO
I919,SPIRANO
I921,SPOLETO
I922,SPOLTORE
I923,SPONGANO
I924,SPORMAGGIORE
I925,SPORMINORE
I926,SPOTORNO
I927,SPRESIANO
I928,SPRIANA
I929,SQUILLACE
I930,SQUINZANO
I932,STAFFOLO
I935,STAGNO LOMBARDO
I936,STAITI
I937,STALETTI'
I938,STANGHELLA
I939,STARANZANO
M298,STATTE
I941,STAZZANO
I942,STAZZEMA
I943,STAZZONA
I945,STEFANACONI
I946,STELLA
G887,STELLA CILENTO
I947,STELLANELLO
I948,STELVIO .STILFS.
I949,STENICO
I950,STERNATIA
I951,STEZZANO
I952,STIA
I953,STIENTA
I954,STIGLIANO
I955,STIGNANO
I956,STILO
I959,STIMIGLIANO
M290,STINTINO
I960,STIO
I962,STORNARA
I963,STORNARELLA
I964,STORO
I965,STRA
I968,STRADELLA
I969,STRAMBINELLO
I970,STRAMBINO
I973,STRANGOLAGALLI
I974,STREGNA
I975,STREMBO
I976,STRESA
I977,STREVI
I978,STRIANO
I979,STRIGNO
I980,STRONA
I981,STRONCONE
I982,STRONGOLI
I984,STROPPIANA
I985,STROPPO
I986,STROZZA
I990,STURNO
B014,SUARDI
I991,SUBBIANO
I992,SUBIACO
I993,SUCCIVO
I994,SUEGLIO
I995,SUELLI
I996,SUELLO
I997,SUISIO
I998,SULBIATE
I804,SULMONA
L002,SULZANO
L003,SUMIRAGO
L004,SUMMONTE
L006,SUNI
L007,SUNO
L008,SUPERSANO
L009,SUPINO
L010,SURANO
L011,SURBO
L013,SUSA
L014,SUSEGANA
L015,SUSTINENTE
L016,SUTERA
L017,SUTRI
L018,SUTRIO
L019,SUVERETO
L020,SUZZARA
